# ************************************************************
# Sequel Pro SQL dump
# Version 5446
#
# https://www.sequelpro.com/
# https://github.com/sequelpro/sequelpro
#
# Host: 127.0.0.1 (MySQL 5.7.32)
# Database: api_mazos
# Generation Time: 2020-12-02 23:42:04 +0000
# ************************************************************


/*!40101 SET @OLD_CHARACTER_SET_CLIENT=@@CHARACTER_SET_CLIENT */;
/*!40101 SET @OLD_CHARACTER_SET_RESULTS=@@CHARACTER_SET_RESULTS */;
/*!40101 SET @OLD_COLLATION_CONNECTION=@@COLLATION_CONNECTION */;
/*!40101 SET NAMES utf8 */;
SET NAMES utf8mb4;
/*!40014 SET @OLD_FOREIGN_KEY_CHECKS=@@FOREIGN_KEY_CHECKS, FOREIGN_KEY_CHECKS=0 */;
/*!40101 SET @OLD_SQL_MODE=@@SQL_MODE, SQL_MODE='NO_AUTO_VALUE_ON_ZERO' */;
/*!40111 SET @OLD_SQL_NOTES=@@SQL_NOTES, SQL_NOTES=0 */;


# Dump of table addresses
# ------------------------------------------------------------

DROP TABLE IF EXISTS `addresses`;

CREATE TABLE `addresses` (
  `id` int(11) unsigned NOT NULL AUTO_INCREMENT,
  `name` varchar(255) NOT NULL DEFAULT '',
  `address` varchar(255) NOT NULL DEFAULT '',
  `id_country` int(11) NOT NULL DEFAULT '0',
  `id_region` int(11) NOT NULL DEFAULT '0',
  `id_location` int(11) NOT NULL DEFAULT '0',
  `lattitude` decimal(11,6) NOT NULL DEFAULT '0.000000',
  `longitude` decimal(11,6) NOT NULL DEFAULT '0.000000',
  `created` datetime NOT NULL DEFAULT CURRENT_TIMESTAMP,
  `modified` datetime NOT NULL ON UPDATE CURRENT_TIMESTAMP,
  `deleted` tinyint(1) NOT NULL DEFAULT '0',
  PRIMARY KEY (`id`),
  KEY `id_country` (`id_country`),
  KEY `id_region` (`id_region`),
  KEY `id_location` (`id_location`),
  KEY `deleted` (`deleted`)
) ENGINE=InnoDB AUTO_INCREMENT=2 DEFAULT CHARSET=utf8;

LOCK TABLES `addresses` WRITE;
/*!40000 ALTER TABLE `addresses` DISABLE KEYS */;

INSERT INTO `addresses` (`id`, `name`, `address`, `id_country`, `id_region`, `id_location`, `lattitude`, `longitude`, `created`, `modified`, `deleted`)
VALUES
	(1,'Casa','Santa Rosa 100',1,1,1,0.000000,0.000000,'0000-00-00 00:00:00','2020-12-02 23:40:20',0);

/*!40000 ALTER TABLE `addresses` ENABLE KEYS */;
UNLOCK TABLES;


# Dump of table categories
# ------------------------------------------------------------

DROP TABLE IF EXISTS `categories`;

CREATE TABLE `categories` (
  `id` int(11) unsigned NOT NULL AUTO_INCREMENT,
  `name` varchar(255) COLLATE utf8mb4_unicode_ci NOT NULL DEFAULT '',
  `description` text COLLATE utf8mb4_unicode_ci NOT NULL,
  `id_category_type` int(11) NOT NULL DEFAULT '0',
  `id_user` int(11) NOT NULL DEFAULT '0',
  `created` datetime NOT NULL DEFAULT CURRENT_TIMESTAMP,
  `modified` datetime NOT NULL ON UPDATE CURRENT_TIMESTAMP,
  `deleted` tinyint(1) NOT NULL DEFAULT '0',
  PRIMARY KEY (`id`),
  KEY `deleted` (`deleted`),
  KEY `id_user` (`id_user`)
) ENGINE=InnoDB AUTO_INCREMENT=6 DEFAULT CHARSET=utf8mb4 COLLATE=utf8mb4_unicode_ci;

LOCK TABLES `categories` WRITE;
/*!40000 ALTER TABLE `categories` DISABLE KEYS */;

INSERT INTO `categories` (`id`, `name`, `description`, `id_category_type`, `id_user`, `created`, `modified`, `deleted`)
VALUES
	(1,'Forestal','Todo lo que sea cosecha',1,0,'0000-00-00 00:00:00','2020-10-10 16:31:30',0),
	(2,'Agrícola','Todo lo que sean cultivos',1,0,'2020-10-09 17:19:50','2020-11-12 22:22:43',0),
	(3,'Pecuario','Todo lo que sea Ganadería',1,0,'2020-10-09 17:20:12','2020-10-20 22:55:20',0),
	(4,'Perennes','',1,0,'2020-10-09 14:47:50','2020-11-30 01:12:06',0),
	(5,'Perennne','',0,0,'2020-11-30 01:11:17','2020-11-30 01:11:20',1);

/*!40000 ALTER TABLE `categories` ENABLE KEYS */;
UNLOCK TABLES;


# Dump of table category_types
# ------------------------------------------------------------

DROP TABLE IF EXISTS `category_types`;

CREATE TABLE `category_types` (
  `id` int(11) unsigned NOT NULL AUTO_INCREMENT,
  `name` varchar(255) COLLATE utf8mb4_unicode_ci NOT NULL DEFAULT '',
  `id_user` int(11) NOT NULL DEFAULT '0',
  `created` datetime NOT NULL DEFAULT CURRENT_TIMESTAMP,
  `modified` datetime NOT NULL ON UPDATE CURRENT_TIMESTAMP,
  `deleted` tinyint(1) NOT NULL DEFAULT '0',
  PRIMARY KEY (`id`),
  KEY `id_user` (`id_user`),
  KEY `deleted` (`deleted`)
) ENGINE=InnoDB AUTO_INCREMENT=2 DEFAULT CHARSET=utf8mb4 COLLATE=utf8mb4_unicode_ci;

LOCK TABLES `category_types` WRITE;
/*!40000 ALTER TABLE `category_types` DISABLE KEYS */;

INSERT INTO `category_types` (`id`, `name`, `id_user`, `created`, `modified`, `deleted`)
VALUES
	(1,'Sample',0,'2020-10-09 17:47:43','2020-10-20 02:57:09',0);

/*!40000 ALTER TABLE `category_types` ENABLE KEYS */;
UNLOCK TABLES;


# Dump of table countries
# ------------------------------------------------------------

DROP TABLE IF EXISTS `countries`;

CREATE TABLE `countries` (
  `id` int(11) unsigned NOT NULL AUTO_INCREMENT,
  `name` varchar(255) NOT NULL DEFAULT '',
  `iso` varchar(2) NOT NULL DEFAULT '',
  `active` tinyint(1) NOT NULL DEFAULT '1',
  `sort_order` smallint(3) NOT NULL DEFAULT '0',
  `id_user` int(11) NOT NULL DEFAULT '0',
  `created` datetime NOT NULL DEFAULT CURRENT_TIMESTAMP,
  `modified` datetime NOT NULL ON UPDATE CURRENT_TIMESTAMP,
  `deleted` tinyint(1) NOT NULL DEFAULT '0',
  PRIMARY KEY (`id`),
  KEY `deleted` (`deleted`)
) ENGINE=InnoDB AUTO_INCREMENT=3 DEFAULT CHARSET=utf8;

LOCK TABLES `countries` WRITE;
/*!40000 ALTER TABLE `countries` DISABLE KEYS */;

INSERT INTO `countries` (`id`, `name`, `iso`, `active`, `sort_order`, `id_user`, `created`, `modified`, `deleted`)
VALUES
	(1,'Chile','CL',1,0,0,'2020-09-29 02:43:19','2020-11-08 15:28:50',0),
	(2,'Perú','PR',1,0,0,'2020-11-08 15:41:26','2020-11-17 20:42:38',1);

/*!40000 ALTER TABLE `countries` ENABLE KEYS */;
UNLOCK TABLES;


# Dump of table crops
# ------------------------------------------------------------

DROP TABLE IF EXISTS `crops`;

CREATE TABLE `crops` (
  `id` int(11) unsigned NOT NULL AUTO_INCREMENT,
  `name` varchar(255) COLLATE utf8mb4_unicode_ci NOT NULL DEFAULT '',
  `id_user` int(11) NOT NULL DEFAULT '0',
  `created` datetime NOT NULL DEFAULT CURRENT_TIMESTAMP,
  `modified` datetime NOT NULL ON UPDATE CURRENT_TIMESTAMP,
  `deleted` tinyint(1) NOT NULL DEFAULT '0',
  PRIMARY KEY (`id`),
  KEY `id_user` (`id_user`),
  KEY `deleted` (`deleted`)
) ENGINE=InnoDB AUTO_INCREMENT=3 DEFAULT CHARSET=utf8mb4 COLLATE=utf8mb4_unicode_ci;

LOCK TABLES `crops` WRITE;
/*!40000 ALTER TABLE `crops` DISABLE KEYS */;

INSERT INTO `crops` (`id`, `name`, `id_user`, `created`, `modified`, `deleted`)
VALUES
	(1,'Anual',0,'2020-10-12 17:21:28','2020-10-12 17:21:35',0),
	(2,'Perenne',0,'2020-10-12 17:21:32','0000-00-00 00:00:00',0);

/*!40000 ALTER TABLE `crops` ENABLE KEYS */;
UNLOCK TABLES;


# Dump of table damage_and_loss_details
# ------------------------------------------------------------

DROP TABLE IF EXISTS `damage_and_loss_details`;

CREATE TABLE `damage_and_loss_details` (
  `id` int(11) unsigned NOT NULL AUTO_INCREMENT,
  `id_people_product` int(11) NOT NULL DEFAULT '0',
  `id_people_emergency` int(11) NOT NULL DEFAULT '0',
  `id_product_price` int(11) NOT NULL DEFAULT '0',
  `id_report` int(11) NOT NULL DEFAULT '0',
  `id_user` int(11) NOT NULL,
  `created` datetime NOT NULL DEFAULT CURRENT_TIMESTAMP,
  `modified` datetime NOT NULL ON UPDATE CURRENT_TIMESTAMP,
  `deleted` tinyint(1) NOT NULL DEFAULT '0',
  PRIMARY KEY (`id`)
) ENGINE=InnoDB DEFAULT CHARSET=utf8mb4 COLLATE=utf8mb4_unicode_ci;



# Dump of table damage_and_loss_report
# ------------------------------------------------------------

DROP TABLE IF EXISTS `damage_and_loss_report`;

CREATE TABLE `damage_and_loss_report` (
  `id` int(11) unsigned NOT NULL AUTO_INCREMENT,
  `id_people_emergency` int(11) NOT NULL,
  `time` datetime NOT NULL,
  `total_damage` int(11) NOT NULL,
  `total_loss` int(11) NOT NULL,
  `id_user` int(11) NOT NULL,
  `created` datetime NOT NULL DEFAULT CURRENT_TIMESTAMP,
  `modified` datetime NOT NULL ON UPDATE CURRENT_TIMESTAMP,
  `deleted` tinyint(1) NOT NULL DEFAULT '0',
  PRIMARY KEY (`id`)
) ENGINE=InnoDB DEFAULT CHARSET=utf8mb4 COLLATE=utf8mb4_unicode_ci;



# Dump of table emergencies
# ------------------------------------------------------------

DROP TABLE IF EXISTS `emergencies`;

CREATE TABLE `emergencies` (
  `id` int(11) unsigned NOT NULL AUTO_INCREMENT,
  `name` varchar(255) COLLATE utf8mb4_unicode_ci NOT NULL DEFAULT '',
  `time` datetime NOT NULL,
  `id_address` int(11) NOT NULL,
  `id_type` int(11) NOT NULL,
  `id_user` int(11) NOT NULL,
  `created` datetime NOT NULL DEFAULT CURRENT_TIMESTAMP,
  `modified` datetime NOT NULL ON UPDATE CURRENT_TIMESTAMP,
  `deleted` tinyint(1) NOT NULL DEFAULT '0',
  PRIMARY KEY (`id`)
) ENGINE=InnoDB AUTO_INCREMENT=2 DEFAULT CHARSET=utf8mb4 COLLATE=utf8mb4_unicode_ci;

LOCK TABLES `emergencies` WRITE;
/*!40000 ALTER TABLE `emergencies` DISABLE KEYS */;

INSERT INTO `emergencies` (`id`, `name`, `time`, `id_address`, `id_type`, `id_user`, `created`, `modified`, `deleted`)
VALUES
	(1,'Desborde Río Maipo','2020-09-09 00:53:36',1,2,0,'0000-00-00 00:00:00','0000-00-00 00:00:00',9);

/*!40000 ALTER TABLE `emergencies` ENABLE KEYS */;
UNLOCK TABLES;


# Dump of table emergencies_types
# ------------------------------------------------------------

DROP TABLE IF EXISTS `emergencies_types`;

CREATE TABLE `emergencies_types` (
  `id` int(11) unsigned NOT NULL AUTO_INCREMENT,
  `name` varchar(255) COLLATE utf8mb4_unicode_ci NOT NULL DEFAULT '',
  `id_user` int(11) NOT NULL,
  `created` datetime NOT NULL DEFAULT CURRENT_TIMESTAMP,
  `modified` datetime NOT NULL ON UPDATE CURRENT_TIMESTAMP,
  `deleted` tinyint(1) NOT NULL DEFAULT '0',
  PRIMARY KEY (`id`)
) ENGINE=InnoDB AUTO_INCREMENT=4 DEFAULT CHARSET=utf8mb4 COLLATE=utf8mb4_unicode_ci;

LOCK TABLES `emergencies_types` WRITE;
/*!40000 ALTER TABLE `emergencies_types` DISABLE KEYS */;

INSERT INTO `emergencies_types` (`id`, `name`, `id_user`, `created`, `modified`, `deleted`)
VALUES
	(1,'Sequía',0,'0000-00-00 00:00:00','0000-00-00 00:00:00',0),
	(2,'Desborde',0,'0000-00-00 00:00:00','0000-00-00 00:00:00',0),
	(3,'Terremoto',0,'0000-00-00 00:00:00','0000-00-00 00:00:00',0);

/*!40000 ALTER TABLE `emergencies_types` ENABLE KEYS */;
UNLOCK TABLES;


# Dump of table formulas
# ------------------------------------------------------------

DROP TABLE IF EXISTS `formulas`;

CREATE TABLE `formulas` (
  `id` int(11) unsigned NOT NULL AUTO_INCREMENT,
  `name` varchar(255) COLLATE utf8mb4_unicode_ci NOT NULL DEFAULT '',
  `description` text COLLATE utf8mb4_unicode_ci NOT NULL,
  `id_tipo_formula` int(11) DEFAULT NULL,
  `id_user` int(11) NOT NULL DEFAULT '0',
  `created` datetime NOT NULL DEFAULT CURRENT_TIMESTAMP,
  `modified` datetime NOT NULL ON UPDATE CURRENT_TIMESTAMP,
  `deleted` tinyint(1) NOT NULL DEFAULT '0',
  PRIMARY KEY (`id`)
) ENGINE=InnoDB AUTO_INCREMENT=10 DEFAULT CHARSET=utf8mb4 COLLATE=utf8mb4_unicode_ci;

LOCK TABLES `formulas` WRITE;
/*!40000 ALTER TABLE `formulas` DISABLE KEYS */;

INSERT INTO `formulas` (`id`, `name`, `description`, `id_tipo_formula`, `id_user`, `created`, `modified`, `deleted`)
VALUES
	(1,'Cultivos Daño','Esta descripción',1,0,'0000-00-00 00:00:00','2020-10-09 19:18:11',0),
	(2,'Ganados Daño','',1,0,'2020-10-09 15:46:40','2020-10-09 19:18:13',0),
	(3,'Forestal Daño','Lorem ipsum daño perdida 3 2',1,0,'2020-10-09 15:46:46','2020-10-09 19:18:12',0),
	(4,'Cultivo Perdida','Lorem ipsum asdas',2,0,'2020-10-09 15:47:06','2020-10-09 19:18:15',0),
	(5,'Ganado Perdida','Formula X',2,0,'2020-10-09 13:39:13','2020-10-09 19:18:15',0),
	(6,'Forestal Perdida','',2,0,'2020-10-09 19:12:10','2020-10-09 19:18:16',0),
	(7,'Cultivo Activo','Siempre son perdidas',2,0,'2020-10-09 19:14:14','2020-10-09 19:18:57',0),
	(8,'Forestal Activo','Siempre son perdidas',2,0,'2020-10-09 19:16:28','2020-10-09 19:19:00',0),
	(9,'Forestal Activo','Siempre son perdidas',2,0,'2020-10-09 19:16:41','2020-10-09 19:19:03',0);

/*!40000 ALTER TABLE `formulas` ENABLE KEYS */;
UNLOCK TABLES;


# Dump of table genders
# ------------------------------------------------------------

DROP TABLE IF EXISTS `genders`;

CREATE TABLE `genders` (
  `id` int(11) unsigned NOT NULL AUTO_INCREMENT,
  `name` varchar(255) COLLATE utf8mb4_unicode_ci NOT NULL DEFAULT '',
  `id_user` int(11) NOT NULL DEFAULT '0',
  `created` datetime NOT NULL DEFAULT CURRENT_TIMESTAMP,
  `modified` datetime NOT NULL ON UPDATE CURRENT_TIMESTAMP,
  `deleted` tinyint(1) NOT NULL DEFAULT '0',
  PRIMARY KEY (`id`)
) ENGINE=InnoDB DEFAULT CHARSET=utf8mb4 COLLATE=utf8mb4_unicode_ci;



# Dump of table locations
# ------------------------------------------------------------

DROP TABLE IF EXISTS `locations`;

CREATE TABLE `locations` (
  `id` int(11) unsigned NOT NULL AUTO_INCREMENT,
  `name` varchar(255) NOT NULL DEFAULT '',
  `id_country` int(11) NOT NULL DEFAULT '0',
  `id_region` int(11) NOT NULL DEFAULT '0',
  `sort_order` smallint(3) NOT NULL DEFAULT '0',
  `id_user` int(11) NOT NULL DEFAULT '0',
  `created` datetime NOT NULL DEFAULT CURRENT_TIMESTAMP,
  `modified` datetime NOT NULL ON UPDATE CURRENT_TIMESTAMP,
  `deleted` tinyint(1) NOT NULL DEFAULT '0',
  PRIMARY KEY (`id`),
  KEY `countryId` (`id_country`),
  KEY `regionId` (`id_region`),
  KEY `deleted` (`deleted`)
) ENGINE=InnoDB AUTO_INCREMENT=362 DEFAULT CHARSET=utf8;

LOCK TABLES `locations` WRITE;
/*!40000 ALTER TABLE `locations` DISABLE KEYS */;

INSERT INTO `locations` (`id`, `name`, `id_country`, `id_region`, `sort_order`, `id_user`, `created`, `modified`, `deleted`)
VALUES
	(1,'Iquique',1,1,0,0,'2020-10-09 16:55:24','2020-10-09 16:55:37',0),
	(2,'Huara',1,1,0,0,'2020-10-09 16:55:24','2020-10-09 16:55:37',0),
	(3,'Pica',1,1,0,0,'2020-10-09 16:55:24','2020-10-09 16:55:37',0),
	(4,'Pozo Almonte',1,1,0,0,'2020-10-09 16:55:24','2020-10-09 16:55:37',0),
	(5,'Camina',1,1,0,0,'2020-10-09 16:55:24','2020-10-09 16:55:37',0),
	(6,'Colchane',1,1,0,0,'2020-10-09 16:55:24','2020-10-09 16:55:37',0),
	(7,'Alto Hospicio',1,1,0,0,'2020-10-09 16:55:24','2020-10-09 16:55:37',0),
	(8,'Tocopilla',1,2,0,0,'2020-10-09 16:55:24','2020-10-09 16:55:37',0),
	(9,'Antofagasta',1,2,0,0,'2020-10-09 16:55:24','2020-10-09 16:55:37',0),
	(10,'Mejillones',1,2,0,0,'2020-10-09 16:55:24','2020-10-09 16:55:37',0),
	(11,'Taltal',1,2,0,0,'2020-10-09 16:55:24','2020-10-09 16:55:37',0),
	(12,'Calama',1,2,0,0,'2020-10-09 16:55:24','2020-10-17 23:42:59',1),
	(13,'Maria Elena',1,2,0,0,'2020-10-09 16:55:24','2020-10-09 16:55:37',0),
	(14,'Sierra Gorda',1,2,0,0,'2020-10-09 16:55:24','2020-10-09 16:55:37',0),
	(15,'Ollagüe',1,2,0,0,'2020-10-09 16:55:24','2020-10-09 16:55:37',0),
	(16,'San Pedro de Atacama',1,2,0,0,'2020-10-09 16:55:24','2020-10-09 16:55:37',0),
	(17,'Chañaral',1,3,0,0,'2020-10-09 16:55:24','2020-10-09 16:55:37',0),
	(18,'Diego de Almagro',1,3,0,0,'2020-10-09 16:55:24','2020-10-09 16:55:37',0),
	(19,'Copiapó',1,3,0,0,'2020-10-09 16:55:24','2020-10-09 16:55:37',0),
	(20,'Caldera',1,3,0,0,'2020-10-09 16:55:24','2020-10-09 16:55:37',0),
	(21,'Tierra Amarilla',1,3,0,0,'2020-10-09 16:55:24','2020-10-09 16:55:37',0),
	(22,'Vallenar',1,3,0,0,'2020-10-09 16:55:24','2020-10-09 16:55:37',0),
	(23,'Freirina',1,3,0,0,'2020-10-09 16:55:24','2020-10-09 16:55:37',0),
	(24,'Huasco',1,3,0,0,'2020-10-09 16:55:24','2020-10-09 16:55:37',0),
	(25,'Alto del Carmen',1,3,0,0,'2020-10-09 16:55:24','2020-10-09 16:55:37',0),
	(26,'La Serena',1,4,0,0,'2020-10-09 16:55:24','2020-11-29 13:49:30',0),
	(27,'La Higuera',1,4,0,0,'2020-10-09 16:55:24','2020-10-09 16:55:37',0),
	(28,'Coquimbo',1,4,0,0,'2020-10-09 16:55:24','2020-10-09 16:55:37',0),
	(29,'Andacollo',1,4,0,0,'2020-10-09 16:55:24','2020-10-09 16:55:37',0),
	(30,'Vicuña',1,4,0,0,'2020-10-09 16:55:24','2020-10-09 16:55:37',0),
	(31,'Paihuano',1,4,0,0,'2020-10-09 16:55:24','2020-10-09 16:55:37',0),
	(32,'Ovalle',1,4,0,0,'2020-10-09 16:55:24','2020-10-09 16:55:37',0),
	(33,'Monte Patria',1,4,0,0,'2020-10-09 16:55:24','2020-10-09 16:55:37',0),
	(34,'Punitaqui',1,4,0,0,'2020-10-09 16:55:24','2020-10-09 16:55:37',0),
	(35,'Rio Hurtado',1,4,0,0,'2020-10-09 16:55:24','2020-10-09 16:55:37',0),
	(36,'Combarbala',1,4,0,0,'2020-10-09 16:55:24','2020-10-09 16:55:37',0),
	(37,'Illapel',1,4,0,0,'2020-10-09 16:55:24','2020-10-09 16:55:37',0),
	(38,'Canela',1,4,0,0,'2020-10-09 16:55:24','2020-10-09 16:55:37',0),
	(39,'Salamanca',1,4,0,0,'2020-10-09 16:55:24','2020-10-09 16:55:37',0),
	(40,'Los Vilos',1,4,0,0,'2020-10-09 16:55:24','2020-10-09 16:55:37',0),
	(41,'Valparaíso',1,5,0,0,'2020-10-09 16:55:24','2020-10-09 16:55:37',0),
	(42,'Quintero',1,5,0,0,'2020-10-09 16:55:24','2020-10-09 16:55:37',0),
	(43,'Puchuncavi',1,5,0,0,'2020-10-09 16:55:24','2020-10-09 16:55:37',0),
	(44,'Viña del Mar',1,5,0,0,'2020-10-09 16:55:24','2020-10-09 16:55:37',0),
	(45,'Quilpue',1,5,0,0,'2020-10-09 16:55:24','2020-10-09 16:55:37',0),
	(46,'Villa Alemana',1,5,0,0,'2020-10-09 16:55:24','2020-10-09 16:55:37',0),
	(47,'Casablanca',1,5,0,0,'2020-10-09 16:55:24','2020-10-09 16:55:37',0),
	(48,'Isla de Pascua',1,5,0,0,'2020-10-09 16:55:24','2020-10-09 16:55:37',0),
	(49,'San Antonio',1,5,0,0,'2020-10-09 16:55:24','2020-10-09 16:55:37',0),
	(50,'Santo Domingo',1,5,0,0,'2020-10-09 16:55:24','2020-10-09 16:55:37',0),
	(51,'Algarrobo',1,5,0,0,'2020-10-09 16:55:24','2020-10-09 16:55:37',0),
	(52,'El Quisco',1,5,0,0,'2020-10-09 16:55:24','2020-10-09 16:55:37',0),
	(53,'Cartagena',1,5,0,0,'2020-10-09 16:55:24','2020-10-09 16:55:37',0),
	(54,'El Tabo',1,5,0,0,'2020-10-09 16:55:24','2020-10-09 16:55:37',0),
	(55,'Quillota',1,5,0,0,'2020-10-09 16:55:24','2020-10-09 16:55:37',0),
	(56,'La Cruz',1,5,0,0,'2020-10-09 16:55:24','2020-10-09 16:55:37',0),
	(57,'La Calera',1,5,0,0,'2020-10-09 16:55:24','2020-10-09 16:55:37',0),
	(58,'Hijuelas',1,5,0,0,'2020-10-09 16:55:24','2020-10-09 16:55:37',0),
	(59,'Nogales',1,5,0,0,'2020-10-09 16:55:24','2020-10-09 16:55:37',0),
	(60,'Limache',1,5,0,0,'2020-10-09 16:55:24','2020-10-09 16:55:37',0),
	(61,'Olmué',1,5,0,0,'2020-10-09 16:55:24','2020-10-09 16:55:37',0),
	(62,'Petorca',1,5,0,0,'2020-10-09 16:55:24','2020-10-09 16:55:37',0),
	(63,'Cabildo',1,5,0,0,'2020-10-09 16:55:24','2020-10-09 16:55:37',0),
	(64,'Papudo',1,5,0,0,'2020-10-09 16:55:24','2020-10-09 16:55:37',0),
	(65,'Zapallar',1,5,0,0,'2020-10-09 16:55:24','2020-10-09 16:55:37',0),
	(66,'La Ligua',1,5,0,0,'2020-10-09 16:55:24','2020-10-09 16:55:37',0),
	(67,'San Felipe',1,5,0,0,'2020-10-09 16:55:24','2020-10-09 16:55:37',0),
	(68,'Putaendo',1,5,0,0,'2020-10-09 16:55:24','2020-10-09 16:55:37',0),
	(69,'Panquehue',1,5,0,0,'2020-10-09 16:55:24','2020-10-09 16:55:37',0),
	(70,'Catemu',1,5,0,0,'2020-10-09 16:55:24','2020-10-09 16:55:37',0),
	(71,'Santa María',1,5,0,0,'2020-10-09 16:55:24','2020-10-09 16:55:37',0),
	(72,'Llay Llay',1,5,0,0,'2020-10-09 16:55:24','2020-10-09 16:55:37',0),
	(73,'Los Andes',1,5,0,0,'2020-10-09 16:55:24','2020-10-09 16:55:37',0),
	(74,'Calle Larga',1,5,0,0,'2020-10-09 16:55:24','2020-10-09 16:55:37',0),
	(75,'Rinconada',1,5,0,0,'2020-10-09 16:55:24','2020-10-09 16:55:37',0),
	(76,'San Esteban',1,5,0,0,'2020-10-09 16:55:24','2020-10-09 16:55:37',0),
	(77,'Juan Fernandez',1,5,0,0,'2020-10-09 16:55:24','2020-10-09 16:55:37',0),
	(78,'Concón',1,5,0,0,'2020-10-09 16:55:24','2020-10-09 16:55:37',0),
	(79,'Rancagua',1,6,0,0,'2020-10-09 16:55:24','2020-10-09 16:55:37',0),
	(80,'Machali',1,6,0,0,'2020-10-09 16:55:24','2020-10-09 16:55:37',0),
	(81,'Graneros',1,6,0,0,'2020-10-09 16:55:24','2020-10-09 16:55:37',0),
	(82,'Codegua',1,6,0,0,'2020-10-09 16:55:24','2020-10-09 16:55:37',0),
	(83,'San Francisco de Mostazal',1,6,0,0,'2020-10-09 16:55:24','2020-10-09 16:55:37',0),
	(84,'Doñihue',1,6,0,0,'2020-10-09 16:55:24','2020-10-09 16:55:37',0),
	(85,'Coltauco',1,6,0,0,'2020-10-09 16:55:24','2020-10-09 16:55:37',0),
	(86,'Coinco',1,6,0,0,'2020-10-09 16:55:24','2020-10-09 16:55:37',0),
	(87,'Peumo',1,6,0,0,'2020-10-09 16:55:24','2020-10-09 16:55:37',0),
	(88,'Las Cabras',1,6,0,0,'2020-10-09 16:55:24','2020-10-09 16:55:37',0),
	(89,'San Vicente',1,6,0,0,'2020-10-09 16:55:24','2020-10-09 16:55:37',0),
	(90,'Pichidegua',1,6,0,0,'2020-10-09 16:55:24','2020-10-09 16:55:37',0),
	(91,'Requinoa',1,6,0,0,'2020-10-09 16:55:24','2020-10-09 16:55:37',0),
	(92,'Olivar',1,6,0,0,'2020-10-09 16:55:24','2020-10-09 16:55:37',0),
	(93,'Rengo',1,6,0,0,'2020-10-09 16:55:24','2020-10-09 16:55:37',0),
	(94,'Malloa',1,6,0,0,'2020-10-09 16:55:24','2020-10-09 16:55:37',0),
	(95,'Quinta de Tilcoco',1,6,0,0,'2020-10-09 16:55:24','2020-10-09 16:55:37',0),
	(96,'San Fernando',1,6,0,0,'2020-10-09 16:55:24','2020-10-09 16:55:37',0),
	(97,'Chimbarongo',1,6,0,0,'2020-10-09 16:55:24','2020-10-09 16:55:37',0),
	(98,'Nancagua',1,6,0,0,'2020-10-09 16:55:24','2020-10-09 16:55:37',0),
	(99,'Placilla',1,6,0,0,'2020-10-09 16:55:24','2020-10-09 16:55:37',0),
	(100,'Santa Cruz',1,6,0,0,'2020-10-09 16:55:24','2020-10-09 16:55:37',0),
	(101,'Lolol',1,6,0,0,'2020-10-09 16:55:24','2020-10-09 16:55:37',0),
	(102,'Palmilla',1,6,0,0,'2020-10-09 16:55:24','2020-10-09 16:55:37',0),
	(103,'Peralillo',1,6,0,0,'2020-10-09 16:55:24','2020-10-09 16:55:37',0),
	(104,'Chepica',1,6,0,0,'2020-10-09 16:55:24','2020-10-09 16:55:37',0),
	(105,'Paredones',1,6,0,0,'2020-10-09 16:55:24','2020-10-09 16:55:37',0),
	(106,'Marchigüe',1,6,0,0,'2020-10-09 16:55:24','2020-10-09 16:55:37',0),
	(107,'Pumanque',1,6,0,0,'2020-10-09 16:55:24','2020-10-09 16:55:37',0),
	(108,'Litueche',1,6,0,0,'2020-10-09 16:55:24','2020-10-09 16:55:37',0),
	(109,'Pichilemu',1,6,0,0,'2020-10-09 16:55:24','2020-10-09 16:55:37',0),
	(110,'Navidad',1,6,0,0,'2020-10-09 16:55:24','2020-10-09 16:55:37',0),
	(111,'La Estrella',1,6,0,0,'2020-10-09 16:55:24','2020-10-09 16:55:37',0),
	(112,'San Vicente de Tagua Tagua',1,6,0,0,'2020-10-09 16:55:24','2020-10-09 16:55:37',0),
	(113,'Curicó',1,7,0,0,'2020-10-09 16:55:24','2020-10-09 16:55:37',0),
	(114,'Romeral',1,7,0,0,'2020-10-09 16:55:24','2020-10-09 16:55:37',0),
	(115,'Teno',1,7,0,0,'2020-10-09 16:55:24','2020-10-09 16:55:37',0),
	(116,'Rauco',1,7,0,0,'2020-10-09 16:55:24','2020-10-09 16:55:37',0),
	(117,'Hualañe',1,7,0,0,'2020-10-09 16:55:24','2020-10-09 16:55:37',0),
	(118,'Licantén',1,7,0,0,'2020-10-09 16:55:24','2020-10-09 16:55:37',0),
	(119,'Vichuquén',1,7,0,0,'2020-10-09 16:55:24','2020-10-09 16:55:37',0),
	(120,'Molina',1,7,0,0,'2020-10-09 16:55:24','2020-10-09 16:55:37',0),
	(121,'Sagrada Familia',1,7,0,0,'2020-10-09 16:55:24','2020-10-09 16:55:37',0),
	(122,'Rio Claro',1,7,0,0,'2020-10-09 16:55:24','2020-10-09 16:55:37',0),
	(123,'Talca',1,7,0,0,'2020-10-09 16:55:24','2020-10-09 16:55:37',0),
	(124,'San Clemente',1,7,0,0,'2020-10-09 16:55:24','2020-10-09 16:55:37',0),
	(125,'Pelarco',1,7,0,0,'2020-10-09 16:55:24','2020-10-09 16:55:37',0),
	(126,'Pencahue',1,7,0,0,'2020-10-09 16:55:24','2020-10-09 16:55:37',0),
	(127,'Maule',1,7,0,0,'2020-10-09 16:55:24','2020-10-09 16:55:37',0),
	(128,'Curepto',1,7,0,0,'2020-10-09 16:55:24','2020-10-09 16:55:37',0),
	(129,'San Javier',1,7,0,0,'2020-10-09 16:55:24','2020-10-09 16:55:37',0),
	(130,'Constitución',1,7,0,0,'2020-10-09 16:55:24','2020-10-09 16:55:37',0),
	(131,'Empedrado',1,7,0,0,'2020-10-09 16:55:24','2020-10-09 16:55:37',0),
	(132,'Linares',1,7,0,0,'2020-10-09 16:55:24','2020-10-09 16:55:37',0),
	(133,'Yerbas Buenas',1,7,0,0,'2020-10-09 16:55:24','2020-10-09 16:55:37',0),
	(134,'Colbún',1,7,0,0,'2020-10-09 16:55:24','2020-10-09 16:55:37',0),
	(135,'Longaví',1,7,0,0,'2020-10-09 16:55:24','2020-10-09 16:55:37',0),
	(136,'Villa Alegre',1,7,0,0,'2020-10-09 16:55:24','2020-10-09 16:55:37',0),
	(137,'Parral',1,7,0,0,'2020-10-09 16:55:24','2020-10-09 16:55:37',0),
	(138,'Retiro',1,7,0,0,'2020-10-09 16:55:24','2020-10-09 16:55:37',0),
	(139,'Cauquenes',1,7,0,0,'2020-10-09 16:55:24','2020-10-09 16:55:37',0),
	(140,'Chanco',1,7,0,0,'2020-10-09 16:55:24','2020-10-09 16:55:37',0),
	(141,'Pelluhue',1,7,0,0,'2020-10-09 16:55:24','2020-10-09 16:55:37',0),
	(142,'San Rafael',1,7,0,0,'2020-10-09 16:55:24','2020-10-09 16:55:37',0),
	(143,'Treguaco',1,8,0,0,'2020-10-09 16:55:24','2020-10-09 16:55:37',0),
	(144,'San Gregorio de Ñiquen',1,8,0,0,'2020-10-09 16:55:24','2020-10-09 16:55:37',0),
	(145,'Concepción',1,8,0,0,'2020-10-09 16:55:24','2020-10-09 16:55:37',0),
	(146,'Talcahuano',1,8,0,0,'2020-10-09 16:55:24','2020-10-09 16:55:37',0),
	(147,'Tomé',1,8,0,0,'2020-10-09 16:55:24','2020-10-09 16:55:37',0),
	(148,'Penco',1,8,0,0,'2020-10-09 16:55:24','2020-10-09 16:55:37',0),
	(149,'Hualqui',1,8,0,0,'2020-10-09 16:55:24','2020-10-09 16:55:37',0),
	(150,'Florida',1,8,0,0,'2020-10-09 16:55:24','2020-10-09 16:55:37',0),
	(151,'Coronel',1,8,0,0,'2020-10-09 16:55:24','2020-10-09 16:55:37',0),
	(152,'Lota',1,8,0,0,'2020-10-09 16:55:24','2020-10-09 16:55:37',0),
	(153,'Santa Juana',1,8,0,0,'2020-10-09 16:55:24','2020-10-09 16:55:37',0),
	(154,'Curanilahue',1,8,0,0,'2020-10-09 16:55:24','2020-10-09 16:55:37',0),
	(155,'Arauco',1,8,0,0,'2020-10-09 16:55:24','2020-10-09 16:55:37',0),
	(156,'Lebu',1,8,0,0,'2020-10-09 16:55:24','2020-10-09 16:55:37',0),
	(157,'Los Alamos',1,8,0,0,'2020-10-09 16:55:24','2020-10-09 16:55:37',0),
	(158,'Cañete',1,8,0,0,'2020-10-09 16:55:24','2020-10-09 16:55:37',0),
	(159,'Contulmo',1,8,0,0,'2020-10-09 16:55:24','2020-10-09 16:55:37',0),
	(160,'Tirua',1,8,0,0,'2020-10-09 16:55:24','2020-10-09 16:55:37',0),
	(161,'Los Ángeles',1,8,0,0,'2020-10-09 16:55:24','2020-10-09 16:55:37',0),
	(162,'Santa Bárbara',1,8,0,0,'2020-10-09 16:55:24','2020-10-09 16:55:37',0),
	(163,'Quilleco',1,8,0,0,'2020-10-09 16:55:24','2020-10-09 16:55:37',0),
	(164,'Yumbel',1,8,0,0,'2020-10-09 16:55:24','2020-10-09 16:55:37',0),
	(165,'Cabrero',1,8,0,0,'2020-10-09 16:55:24','2020-10-09 16:55:37',0),
	(166,'Tucapel',1,8,0,0,'2020-10-09 16:55:24','2020-10-09 16:55:37',0),
	(167,'Laja',1,8,0,0,'2020-10-09 16:55:24','2020-10-09 16:55:37',0),
	(168,'San Rosendo',1,8,0,0,'2020-10-09 16:55:24','2020-10-09 16:55:37',0),
	(169,'Nacimiento',1,8,0,0,'2020-10-09 16:55:24','2020-10-09 16:55:37',0),
	(170,'Negrete',1,8,0,0,'2020-10-09 16:55:24','2020-10-09 16:55:37',0),
	(171,'Mulchén',1,8,0,0,'2020-10-09 16:55:24','2020-10-09 16:55:37',0),
	(172,'Quilaco',1,8,0,0,'2020-10-09 16:55:24','2020-10-09 16:55:37',0),
	(173,'Antuco',1,8,0,0,'2020-10-09 16:55:24','2020-10-09 16:55:37',0),
	(174,'San Pedro de la Paz',1,8,0,0,'2020-10-09 16:55:24','2020-10-09 16:55:37',0),
	(175,'Chiguayante',1,8,0,0,'2020-10-09 16:55:24','2020-10-09 16:55:37',0),
	(176,'Nueva Aldea',1,8,0,0,'2020-10-09 16:55:24','2020-10-09 16:55:37',0),
	(177,'Alto Biobío',1,8,0,0,'2020-10-09 16:55:24','2020-10-09 16:55:37',0),
	(178,'Hualpén',1,8,0,0,'2020-10-09 16:55:24','2020-10-09 16:55:37',0),
	(179,'Angol',1,9,0,0,'2020-10-09 16:55:24','2020-10-09 16:55:37',0),
	(180,'Purén',1,9,0,0,'2020-10-09 16:55:24','2020-10-09 16:55:37',0),
	(181,'Los Sauces',1,9,0,0,'2020-10-09 16:55:24','2020-10-09 16:55:37',0),
	(182,'Renaico',1,9,0,0,'2020-10-09 16:55:24','2020-10-09 16:55:37',0),
	(183,'Collipulli',1,9,0,0,'2020-10-09 16:55:24','2020-10-09 16:55:37',0),
	(184,'Ercilla',1,9,0,0,'2020-10-09 16:55:24','2020-10-09 16:55:37',0),
	(185,'Traiguén',1,9,0,0,'2020-10-09 16:55:24','2020-10-09 16:55:37',0),
	(186,'Lumaco',1,9,0,0,'2020-10-09 16:55:24','2020-10-09 16:55:37',0),
	(187,'Victoria',1,9,0,0,'2020-10-09 16:55:24','2020-10-09 16:55:37',0),
	(188,'Curacautín',1,9,0,0,'2020-10-09 16:55:24','2020-10-09 16:55:37',0),
	(189,'Lonquimay',1,9,0,0,'2020-10-09 16:55:24','2020-10-09 16:55:37',0),
	(190,'Temuco',1,9,0,0,'2020-10-09 16:55:24','2020-10-09 16:55:37',0),
	(191,'Vilcún',1,9,0,0,'2020-10-09 16:55:24','2020-10-09 16:55:37',0),
	(192,'Freire',1,9,0,0,'2020-10-09 16:55:24','2020-10-09 16:55:37',0),
	(193,'Cunco',1,9,0,0,'2020-10-09 16:55:24','2020-10-09 16:55:37',0),
	(194,'Lautaro',1,9,0,0,'2020-10-09 16:55:24','2020-10-09 16:55:37',0),
	(195,'Galvarino',1,9,0,0,'2020-10-09 16:55:24','2020-10-09 16:55:37',0),
	(196,'Perquenco',1,9,0,0,'2020-10-09 16:55:24','2020-10-09 16:55:37',0),
	(197,'Nueva Imperial',1,9,0,0,'2020-10-09 16:55:24','2020-10-09 16:55:37',0),
	(198,'Carahue',1,9,0,0,'2020-10-09 16:55:24','2020-10-09 16:55:37',0),
	(199,'Puerto Saavedra',1,9,0,0,'2020-10-09 16:55:24','2020-10-09 16:55:37',0),
	(200,'Pitrufquén',1,9,0,0,'2020-10-09 16:55:24','2020-10-09 16:55:37',0),
	(201,'Gorbea',1,9,0,0,'2020-10-09 16:55:24','2020-10-09 16:55:37',0),
	(202,'Toltén',1,9,0,0,'2020-10-09 16:55:24','2020-10-09 16:55:37',0),
	(203,'Loncoche',1,9,0,0,'2020-10-09 16:55:24','2020-10-09 16:55:37',0),
	(204,'Villarica',1,9,0,0,'2020-10-09 16:55:24','2020-10-09 16:55:37',0),
	(205,'Pucón',1,9,0,0,'2020-10-09 16:55:24','2020-10-09 16:55:37',0),
	(206,'Melipeuco',1,9,0,0,'2020-10-09 16:55:24','2020-10-09 16:55:37',0),
	(207,'Curarrehue',1,9,0,0,'2020-10-09 16:55:24','2020-10-09 16:55:37',0),
	(208,'Teodoro Schmidt',1,9,0,0,'2020-10-09 16:55:24','2020-10-09 16:55:37',0),
	(209,'Padre Las Casas',1,9,0,0,'2020-10-09 16:55:24','2020-10-09 16:55:37',0),
	(210,'Cholchol',1,9,0,0,'2020-10-09 16:55:24','2020-10-09 16:55:37',0),
	(211,'Osorno',1,10,0,0,'2020-10-09 16:55:24','2020-10-09 16:55:37',0),
	(212,'Puyehue',1,10,0,0,'2020-10-09 16:55:24','2020-10-09 16:55:37',0),
	(213,'San Pablo',1,10,0,0,'2020-10-09 16:55:24','2020-10-09 16:55:37',0),
	(214,'Puerto Octay',1,10,0,0,'2020-10-09 16:55:24','2020-10-09 16:55:37',0),
	(215,'Rio Negro',1,10,0,0,'2020-10-09 16:55:24','2020-10-09 16:55:37',0),
	(216,'Purranque',1,10,0,0,'2020-10-09 16:55:24','2020-10-09 16:55:37',0),
	(217,'Puerto Montt',1,10,0,0,'2020-10-09 16:55:24','2020-10-09 16:55:37',0),
	(218,'Cochamo',1,10,0,0,'2020-10-09 16:55:24','2020-10-09 16:55:37',0),
	(219,'Maullin',1,10,0,0,'2020-10-09 16:55:24','2020-10-09 16:55:37',0),
	(220,'Los Muermos',1,10,0,0,'2020-10-09 16:55:24','2020-10-09 16:55:37',0),
	(221,'Calbuco',1,10,0,0,'2020-10-09 16:55:24','2020-10-09 16:55:37',0),
	(222,'Puerto Varas',1,10,0,0,'2020-10-09 16:55:24','2020-10-09 16:55:37',0),
	(223,'Llanquihue',1,10,0,0,'2020-10-09 16:55:24','2020-10-09 16:55:37',0),
	(224,'Fresia',1,10,0,0,'2020-10-09 16:55:24','2020-10-09 16:55:37',0),
	(225,'Frutillar',1,10,0,0,'2020-10-09 16:55:24','2020-10-09 16:55:37',0),
	(226,'Castro',1,10,0,0,'2020-10-09 16:55:24','2020-10-09 16:55:37',0),
	(227,'Chonchi',1,10,0,0,'2020-10-09 16:55:24','2020-10-09 16:55:37',0),
	(228,'Queilén',1,10,0,0,'2020-10-09 16:55:24','2020-10-09 16:55:37',0),
	(229,'Quellón',1,10,0,0,'2020-10-09 16:55:24','2020-10-09 16:55:37',0),
	(230,'Puqueldón',1,10,0,0,'2020-10-09 16:55:24','2020-10-09 16:55:37',0),
	(231,'Quinchao',1,10,0,0,'2020-10-09 16:55:24','2020-10-09 16:55:37',0),
	(232,'Curaco de Velez',1,10,0,0,'2020-10-09 16:55:24','2020-10-09 16:55:37',0),
	(233,'Ancud',1,10,0,0,'2020-10-09 16:55:24','2020-10-09 16:55:37',0),
	(234,'Quemchi',1,10,0,0,'2020-10-09 16:55:24','2020-10-09 16:55:37',0),
	(235,'Dalcahue',1,10,0,0,'2020-10-09 16:55:24','2020-10-09 16:55:37',0),
	(236,'Chaiten',1,10,0,0,'2020-10-09 16:55:24','2020-10-09 16:55:37',0),
	(237,'Futaleufú',1,10,0,0,'2020-10-09 16:55:24','2020-10-09 16:55:37',0),
	(238,'Palena',1,10,0,0,'2020-10-09 16:55:24','2020-10-09 16:55:37',0),
	(239,'San Juan de la Costa',1,10,0,0,'2020-10-09 16:55:24','2020-10-09 16:55:37',0),
	(240,'Hualaihue',1,10,0,0,'2020-10-09 16:55:24','2020-10-09 16:55:37',0),
	(241,'Coyhaique',1,11,0,0,'2020-10-09 16:55:24','2020-10-09 16:55:37',0),
	(242,'Aysén',1,11,0,0,'2020-10-09 16:55:24','2020-10-09 16:55:37',0),
	(243,'Cisnes',1,11,0,0,'2020-10-09 16:55:24','2020-10-09 16:55:37',0),
	(244,'Chile Chico',1,11,0,0,'2020-10-09 16:55:24','2020-10-09 16:55:37',0),
	(245,'Rio Ibañez',1,11,0,0,'2020-10-09 16:55:24','2020-10-09 16:55:37',0),
	(246,'Cochrane',1,11,0,0,'2020-10-09 16:55:24','2020-10-09 16:55:37',0),
	(247,'Guaitecas',1,11,0,0,'2020-10-09 16:55:24','2020-10-09 16:55:37',0),
	(248,'O´Higgins',1,11,0,0,'2020-10-09 16:55:24','2020-10-09 16:55:37',0),
	(249,'Tortel',1,11,0,0,'2020-10-09 16:55:24','2020-10-09 16:55:37',0),
	(250,'Lago Verde',1,11,0,0,'2020-10-09 16:55:24','2020-10-09 16:55:37',0),
	(251,'Punta Arenas',1,12,0,0,'2020-10-09 16:55:24','2020-10-09 16:55:37',0),
	(252,'Puerto Natales',1,12,0,0,'2020-10-09 16:55:24','2020-10-09 16:55:37',0),
	(253,'Porvenir',1,12,0,0,'2020-10-09 16:55:24','2020-10-09 16:55:37',0),
	(254,'Torres del Paine',1,12,0,0,'2020-10-09 16:55:24','2020-10-09 16:55:37',0),
	(255,'Rio Verde',1,12,0,0,'2020-10-09 16:55:24','2020-10-09 16:55:37',0),
	(256,'San Gregorio',1,12,0,0,'2020-10-09 16:55:24','2020-10-09 16:55:37',0),
	(257,'Laguna Blanca',1,12,0,0,'2020-10-09 16:55:24','2020-10-09 16:55:37',0),
	(258,'Primavera',1,12,0,0,'2020-10-09 16:55:24','2020-10-09 16:55:37',0),
	(259,'Timaukel',1,12,0,0,'2020-10-09 16:55:24','2020-10-09 16:55:37',0),
	(260,'Navarino',1,12,0,0,'2020-10-09 16:55:24','2020-10-09 16:55:37',0),
	(261,'Antártica',1,12,0,0,'2020-10-09 16:55:24','2020-10-09 16:55:37',0),
	(262,'Puerto Natales',1,12,0,0,'2020-10-09 16:55:24','2020-10-09 16:55:37',0),
	(263,'Cabo de Hornos',1,12,0,0,'2020-10-09 16:55:24','2020-10-09 16:55:37',0),
	(264,'Santiago',1,13,0,0,'2020-10-09 16:55:24','2020-10-09 16:55:37',0),
	(265,'Las Condes',1,13,0,0,'2020-10-09 16:55:24','2020-10-09 16:55:37',0),
	(266,'Providencia',1,13,0,0,'2020-10-09 16:55:24','2020-10-09 16:55:37',0),
	(267,'Santiago Oeste',1,13,0,0,'2020-10-09 16:55:24','2020-10-09 16:55:37',0),
	(268,'Conchalí',1,13,0,0,'2020-10-09 16:55:24','2020-10-09 16:55:37',0),
	(269,'Colina',1,13,0,0,'2020-10-09 16:55:24','2020-10-09 16:55:37',0),
	(270,'Renca',1,13,0,0,'2020-10-09 16:55:24','2020-10-09 16:55:37',0),
	(271,'Lampa',1,13,0,0,'2020-10-09 16:55:24','2020-10-09 16:55:37',0),
	(272,'Quilicura',1,13,0,0,'2020-10-09 16:55:24','2020-10-09 16:55:37',0),
	(273,'Til-Til',1,13,0,0,'2020-10-09 16:55:24','2020-10-09 16:55:37',0),
	(274,'Quinta Normal',1,13,0,0,'2020-10-09 16:55:24','2020-10-09 16:55:37',0),
	(275,'Pudahuel',1,13,0,0,'2020-10-09 16:55:24','2020-10-09 16:55:37',0),
	(276,'Curacaví',1,13,0,0,'2020-10-09 16:55:24','2020-10-09 16:55:37',0),
	(277,'Santiago Sur',1,13,0,0,'2020-10-09 16:55:24','2020-10-09 16:55:37',0),
	(278,'Peñaflor',1,13,0,0,'2020-10-09 16:55:24','2020-10-09 16:55:37',0),
	(279,'Talagante',1,13,0,0,'2020-10-09 16:55:24','2020-10-09 16:55:37',0),
	(280,'Isla de Maipo',1,13,0,0,'2020-10-09 16:55:24','2020-10-09 16:55:37',0),
	(281,'Melipilla',1,13,0,0,'2020-10-09 16:55:24','2020-10-09 16:55:37',0),
	(282,'El Monte',1,13,0,0,'2020-10-09 16:55:24','2020-10-09 16:55:37',0),
	(283,'María Pinto',1,13,0,0,'2020-10-09 16:55:24','2020-10-09 16:55:37',0),
	(284,'Ñuñoa',1,13,0,0,'2020-10-09 16:55:24','2020-10-09 16:55:37',0),
	(285,'La Reina',1,13,0,0,'2020-10-09 16:55:24','2020-10-09 16:55:37',0),
	(286,'La Florida',1,13,0,0,'2020-10-09 16:55:24','2020-10-09 16:55:37',0),
	(287,'Maipú',1,13,0,0,'2020-10-09 16:55:24','2020-10-09 16:55:37',0),
	(288,'San Miguel',1,13,0,0,'2020-10-09 16:55:24','2020-10-09 16:55:37',0),
	(289,'La Cisterna',1,13,0,0,'2020-10-09 16:55:24','2020-10-09 16:55:37',0),
	(290,'La Granja',1,13,0,0,'2020-10-09 16:55:24','2020-10-09 16:55:37',0),
	(291,'San Bernardo',1,13,0,0,'2020-10-09 16:55:24','2020-10-09 16:55:37',0),
	(292,'Calera de Tango',1,13,0,0,'2020-10-09 16:55:24','2020-10-09 16:55:37',0),
	(293,'Puente Alto',1,13,0,0,'2020-10-09 16:55:24','2020-10-09 16:55:37',0),
	(294,'Pirque',1,13,0,0,'2020-10-09 16:55:24','2020-10-09 16:55:37',0),
	(295,'Buin',1,13,0,0,'2020-10-09 16:55:24','2020-10-09 16:55:37',0),
	(296,'Paine',1,13,0,0,'2020-10-09 16:55:24','2020-10-09 16:55:37',0),
	(297,'San Pedro',1,13,0,0,'2020-10-09 16:55:24','2020-10-09 16:55:37',0),
	(298,'Alhue',1,13,0,0,'2020-10-09 16:55:24','2020-10-09 16:55:37',0),
	(299,'Peñalolén',1,13,0,0,'2020-10-09 16:55:24','2020-10-09 16:55:37',0),
	(300,'Macul',1,13,0,0,'2020-10-09 16:55:24','2020-10-09 16:55:37',0),
	(301,'Cerro Navia',1,13,0,0,'2020-10-09 16:55:24','2020-10-09 16:55:37',0),
	(302,'Lo Prado',1,13,0,0,'2020-10-09 16:55:24','2020-10-09 16:55:37',0),
	(303,'San Ramón',1,13,0,0,'2020-10-09 16:55:24','2020-10-09 16:55:37',0),
	(304,'La Pintana',1,13,0,0,'2020-10-09 16:55:24','2020-10-09 16:55:37',0),
	(305,'Estación Central',1,13,0,0,'2020-10-09 16:55:24','2020-10-09 16:55:37',0),
	(306,'Recoleta',1,13,0,0,'2020-10-09 16:55:24','2020-10-09 16:55:37',0),
	(307,'Independencia',1,13,0,0,'2020-10-09 16:55:24','2020-10-09 16:55:37',0),
	(308,'Vitacura',1,13,0,0,'2020-10-09 16:55:24','2020-10-09 16:55:37',0),
	(309,'Lo Barnechea',1,13,0,0,'2020-10-09 16:55:24','2020-10-09 16:55:37',0),
	(310,'Cerrillos',1,13,0,0,'2020-10-09 16:55:24','2020-10-09 16:55:37',0),
	(311,'Huechuraba',1,13,0,0,'2020-10-09 16:55:24','2020-10-09 16:55:37',0),
	(312,'San Joaquín',1,13,0,0,'2020-10-09 16:55:24','2020-10-09 16:55:37',0),
	(313,'Pedro Aguirre Cerda',1,13,0,0,'2020-10-09 16:55:24','2020-10-09 16:55:37',0),
	(314,'Lo Espejo',1,13,0,0,'2020-10-09 16:55:24','2020-10-09 16:55:37',0),
	(315,'El Bosque',1,13,0,0,'2020-10-09 16:55:24','2020-10-09 16:55:37',0),
	(316,'Padre Hurtado',1,13,0,0,'2020-10-09 16:55:24','2020-10-09 16:55:37',0),
	(317,'Chicureo',1,13,0,0,'2020-10-09 16:55:24','2020-10-09 16:55:37',0),
	(318,'San José de Maipo',1,13,0,0,'2020-10-09 16:55:24','2020-10-09 16:55:37',0),
	(319,'Valdivia',1,14,0,0,'2020-10-09 16:55:24','2020-10-09 16:55:37',0),
	(320,'Corral',1,14,0,0,'2020-10-09 16:55:24','2020-10-09 16:55:37',0),
	(321,'Mariquina',1,14,0,0,'2020-10-09 16:55:24','2020-10-09 16:55:37',0),
	(322,'Mafil',1,14,0,0,'2020-10-09 16:55:24','2020-10-09 16:55:37',0),
	(323,'Los Lagos',1,14,0,0,'2020-10-09 16:55:24','2020-10-09 16:55:37',0),
	(324,'Futrono',1,14,0,0,'2020-10-09 16:55:24','2020-10-09 16:55:37',0),
	(325,'Lanco',1,14,0,0,'2020-10-09 16:55:24','2020-10-09 16:55:37',0),
	(326,'Panguipulli',1,14,0,0,'2020-10-09 16:55:24','2020-10-09 16:55:37',0),
	(327,'La Unión',1,14,0,0,'2020-10-09 16:55:24','2020-10-09 16:55:37',0),
	(328,'Paillaco',1,14,0,0,'2020-10-09 16:55:24','2020-10-09 16:55:37',0),
	(329,'Rio Bueno',1,14,0,0,'2020-10-09 16:55:24','2020-10-09 16:55:37',0),
	(330,'Lago Ranco',1,14,0,0,'2020-10-09 16:55:24','2020-10-09 16:55:37',0),
	(331,'Arica',1,15,0,0,'2020-10-09 16:55:24','2020-10-09 16:55:37',0),
	(332,'General Lagos',1,15,0,0,'2020-10-09 16:55:24','2020-10-09 16:55:37',0),
	(333,'Putre',1,15,0,0,'2020-10-09 16:55:24','2020-10-09 16:55:37',0),
	(334,'Camarones',1,15,0,0,'2020-10-09 16:55:24','2020-10-09 16:55:37',0),
	(335,'Chillán',1,16,0,0,'2020-10-09 16:55:24','2020-10-09 16:56:08',0),
	(336,'Pinto',1,16,0,0,'2020-10-09 16:55:24','2020-10-09 16:56:08',0),
	(337,'Coihueco',1,16,0,0,'2020-10-09 16:55:24','2020-10-09 16:56:08',0),
	(338,'Portezuelo',1,16,0,0,'2020-10-09 16:55:24','2020-10-09 16:56:08',0),
	(339,'Quirihue',1,16,0,0,'2020-10-09 16:55:24','2020-10-09 16:56:08',0),
	(340,'Ninhue',1,16,0,0,'2020-10-09 16:55:24','2020-10-09 16:56:08',0),
	(341,'Cobquecura',1,16,0,0,'2020-10-09 16:55:24','2020-10-09 16:56:08',0),
	(342,'San Carlos',1,16,0,0,'2020-10-09 16:55:24','2020-10-09 16:56:08',0),
	(343,'San Fabián',1,16,0,0,'2020-10-09 16:55:24','2020-10-09 16:56:08',0),
	(344,'San Nicolás',1,16,0,0,'2020-10-09 16:55:24','2020-10-09 16:56:08',0),
	(345,'Bulnes',1,16,0,0,'2020-10-09 16:55:24','2020-10-09 16:56:08',0),
	(346,'San Ignacio',1,16,0,0,'2020-10-09 16:55:24','2020-10-09 16:56:08',0),
	(347,'Quillón',1,16,0,0,'2020-10-09 16:55:24','2020-10-09 16:56:08',0),
	(348,'Yungay',1,16,0,0,'2020-10-09 16:55:24','2020-10-09 16:56:08',0),
	(349,'Pemuco',1,16,0,0,'2020-10-09 16:55:24','2020-10-09 16:56:08',0),
	(350,'El Carmen',1,16,0,0,'2020-10-09 16:55:24','2020-10-09 16:56:08',0),
	(351,'Coelemu',1,16,0,0,'2020-10-09 16:55:24','2020-10-09 16:56:08',0),
	(352,'Ranquil',1,16,0,0,'2020-10-09 16:55:24','2020-10-09 16:56:08',0),
	(353,'Chillán Viejo',1,16,0,0,'2020-10-09 16:55:24','2020-10-09 16:56:08',0),
	(354,'Ñiquén',1,16,0,0,'2020-10-09 16:55:24','2020-10-09 16:56:08',0),
	(355,'Treguaco',1,16,0,0,'2020-10-09 16:55:24','2020-10-09 16:56:08',0),
	(356,'asdasd',2,19,0,0,'2020-11-08 15:51:26','2020-11-08 15:51:38',1),
	(357,'asdasd333',2,19,0,0,'2020-11-08 15:51:32','2020-11-08 15:51:39',1),
	(358,'COM1',2,19,0,0,'2020-11-08 15:51:46','2020-11-08 15:54:03',1),
	(359,'COM12',2,19,0,0,'2020-11-08 15:52:33','2020-11-08 15:54:05',1),
	(360,'asdasd',2,19,0,0,'2020-11-08 15:53:38','2020-11-08 15:54:05',1),
	(361,'aaaa',2,19,0,0,'2020-11-08 15:54:09','2020-11-08 15:54:28',1);

/*!40000 ALTER TABLE `locations` ENABLE KEYS */;
UNLOCK TABLES;


# Dump of table measurement_units
# ------------------------------------------------------------

DROP TABLE IF EXISTS `measurement_units`;

CREATE TABLE `measurement_units` (
  `id` int(11) unsigned NOT NULL AUTO_INCREMENT,
  `name` varchar(255) COLLATE utf8mb4_unicode_ci NOT NULL DEFAULT '' COMMENT 'nombre',
  `description` text COLLATE utf8mb4_unicode_ci NOT NULL COMMENT 'Descripción de la unidad de medida',
  `valorization_unit` varchar(255) COLLATE utf8mb4_unicode_ci NOT NULL DEFAULT '' COMMENT 'Unidad de valorización',
  `sell_unit` varchar(255) COLLATE utf8mb4_unicode_ci NOT NULL DEFAULT '' COMMENT 'Unidad de valorización (precio venta)',
  `sort_order` int(11) NOT NULL DEFAULT '0',
  `id_user` int(11) NOT NULL DEFAULT '0',
  `created` datetime NOT NULL DEFAULT CURRENT_TIMESTAMP,
  `modified` datetime NOT NULL ON UPDATE CURRENT_TIMESTAMP,
  `deleted` tinyint(1) NOT NULL,
  PRIMARY KEY (`id`)
) ENGINE=InnoDB AUTO_INCREMENT=3 DEFAULT CHARSET=utf8mb4 COLLATE=utf8mb4_unicode_ci COMMENT='Nivel tecnologico de los productos';

LOCK TABLES `measurement_units` WRITE;
/*!40000 ALTER TABLE `measurement_units` DISABLE KEYS */;

INSERT INTO `measurement_units` (`id`, `name`, `description`, `valorization_unit`, `sell_unit`, `sort_order`, `id_user`, `created`, `modified`, `deleted`)
VALUES
	(1,'Kilo por Hectárea','','kg/ha','$/kg',1,0,'2020-10-10 16:09:32','2020-10-13 01:08:34',0),
	(2,'Kilo por Unidad','','kg/u','$/U',1,0,'2020-10-10 16:09:44','2020-10-13 01:08:35',0);

/*!40000 ALTER TABLE `measurement_units` ENABLE KEYS */;
UNLOCK TABLES;


# Dump of table people
# ------------------------------------------------------------

DROP TABLE IF EXISTS `people`;

CREATE TABLE `people` (
  `id` int(11) unsigned NOT NULL AUTO_INCREMENT,
  `name` varchar(255) COLLATE utf8mb4_unicode_ci NOT NULL DEFAULT '',
  `first_name` varchar(255) COLLATE utf8mb4_unicode_ci NOT NULL DEFAULT '',
  `last_name` varchar(255) COLLATE utf8mb4_unicode_ci NOT NULL DEFAULT '',
  `email` varchar(255) COLLATE utf8mb4_unicode_ci NOT NULL DEFAULT '',
  `id_gender` int(11) NOT NULL DEFAULT '0',
  `id_user` int(11) NOT NULL,
  `created` datetime NOT NULL DEFAULT CURRENT_TIMESTAMP,
  `modified` datetime NOT NULL ON UPDATE CURRENT_TIMESTAMP,
  `deleted` tinyint(1) NOT NULL DEFAULT '0',
  PRIMARY KEY (`id`)
) ENGINE=InnoDB AUTO_INCREMENT=2 DEFAULT CHARSET=utf8mb4 COLLATE=utf8mb4_unicode_ci;

LOCK TABLES `people` WRITE;
/*!40000 ALTER TABLE `people` DISABLE KEYS */;

INSERT INTO `people` (`id`, `name`, `first_name`, `last_name`, `email`, `id_gender`, `id_user`, `created`, `modified`, `deleted`)
VALUES
	(1,'Sample','User','name','',0,0,'0000-00-00 00:00:00','2020-12-02 23:40:05',0);

/*!40000 ALTER TABLE `people` ENABLE KEYS */;
UNLOCK TABLES;


# Dump of table people_addresses
# ------------------------------------------------------------

DROP TABLE IF EXISTS `people_addresses`;

CREATE TABLE `people_addresses` (
  `id` int(11) unsigned NOT NULL AUTO_INCREMENT,
  `id_address` int(11) NOT NULL,
  `id_person` int(11) NOT NULL,
  `id_user` int(11) NOT NULL,
  `created` datetime NOT NULL DEFAULT CURRENT_TIMESTAMP,
  `modified` datetime NOT NULL ON UPDATE CURRENT_TIMESTAMP,
  `deleted` tinyint(1) NOT NULL DEFAULT '0',
  PRIMARY KEY (`id`)
) ENGINE=InnoDB AUTO_INCREMENT=2 DEFAULT CHARSET=utf8mb4 COLLATE=utf8mb4_unicode_ci;

LOCK TABLES `people_addresses` WRITE;
/*!40000 ALTER TABLE `people_addresses` DISABLE KEYS */;

INSERT INTO `people_addresses` (`id`, `id_address`, `id_person`, `id_user`, `created`, `modified`, `deleted`)
VALUES
	(1,1,1,0,'0000-00-00 00:00:00','0000-00-00 00:00:00',0);

/*!40000 ALTER TABLE `people_addresses` ENABLE KEYS */;
UNLOCK TABLES;


# Dump of table people_emergencies
# ------------------------------------------------------------

DROP TABLE IF EXISTS `people_emergencies`;

CREATE TABLE `people_emergencies` (
  `id` int(11) unsigned NOT NULL AUTO_INCREMENT,
  `id_person` int(11) NOT NULL,
  `id_emergency` int(11) NOT NULL,
  `id_people_address` int(11) NOT NULL,
  `time` date NOT NULL,
  `id_user` int(11) NOT NULL DEFAULT '0',
  `created` datetime NOT NULL DEFAULT CURRENT_TIMESTAMP,
  `modified` datetime NOT NULL ON UPDATE CURRENT_TIMESTAMP,
  `deleted` tinyint(1) NOT NULL DEFAULT '0',
  PRIMARY KEY (`id`)
) ENGINE=InnoDB DEFAULT CHARSET=utf8mb4 COLLATE=utf8mb4_unicode_ci;



# Dump of table people_products
# ------------------------------------------------------------

DROP TABLE IF EXISTS `people_products`;

CREATE TABLE `people_products` (
  `id` int(11) unsigned NOT NULL AUTO_INCREMENT,
  `id_person` int(11) NOT NULL DEFAULT '0',
  `id_product` int(11) NOT NULL DEFAULT '0',
  `total` int(11) NOT NULL,
  `id_user` int(11) NOT NULL DEFAULT '0',
  `created` datetime NOT NULL DEFAULT CURRENT_TIMESTAMP,
  `modified` datetime NOT NULL ON UPDATE CURRENT_TIMESTAMP,
  `deleted` tinyint(1) NOT NULL,
  PRIMARY KEY (`id`)
) ENGINE=InnoDB AUTO_INCREMENT=2 DEFAULT CHARSET=utf8mb4 COLLATE=utf8mb4_unicode_ci;

LOCK TABLES `people_products` WRITE;
/*!40000 ALTER TABLE `people_products` DISABLE KEYS */;

INSERT INTO `people_products` (`id`, `id_person`, `id_product`, `total`, `id_user`, `created`, `modified`, `deleted`)
VALUES
	(1,1,1,0,0,'0000-00-00 00:00:00','0000-00-00 00:00:00',0);

/*!40000 ALTER TABLE `people_products` ENABLE KEYS */;
UNLOCK TABLES;


# Dump of table product_prices
# ------------------------------------------------------------

DROP TABLE IF EXISTS `product_prices`;

CREATE TABLE `product_prices` (
  `id` int(11) unsigned NOT NULL AUTO_INCREMENT,
  `id_product` int(11) NOT NULL DEFAULT '0',
  `price` float(11,6) NOT NULL DEFAULT '0.000000' COMMENT 'Valor en UF',
  `time` datetime NOT NULL,
  `id_user` int(11) NOT NULL DEFAULT '0',
  `created` datetime NOT NULL DEFAULT CURRENT_TIMESTAMP,
  `modified` datetime NOT NULL ON UPDATE CURRENT_TIMESTAMP,
  `deleted` tinyint(1) NOT NULL,
  PRIMARY KEY (`id`)
) ENGINE=InnoDB AUTO_INCREMENT=4 DEFAULT CHARSET=utf8mb4 COLLATE=utf8mb4_unicode_ci;

LOCK TABLES `product_prices` WRITE;
/*!40000 ALTER TABLE `product_prices` DISABLE KEYS */;

INSERT INTO `product_prices` (`id`, `id_product`, `price`, `time`, `id_user`, `created`, `modified`, `deleted`)
VALUES
	(1,1,1.100000,'2020-08-15 00:46:24',0,'0000-00-00 00:00:00','0000-00-00 00:00:00',0),
	(2,1,1.120000,'2020-09-09 00:46:32',0,'0000-00-00 00:00:00','0000-00-00 00:00:00',0),
	(3,1,1.110000,'2020-09-30 00:46:53',0,'0000-00-00 00:00:00','0000-00-00 00:00:00',0);

/*!40000 ALTER TABLE `product_prices` ENABLE KEYS */;
UNLOCK TABLES;


# Dump of table products
# ------------------------------------------------------------

DROP TABLE IF EXISTS `products`;

CREATE TABLE `products` (
  `id` int(11) unsigned NOT NULL AUTO_INCREMENT,
  `name` varchar(255) COLLATE utf8mb4_unicode_ci NOT NULL DEFAULT '',
  `code` varchar(255) COLLATE utf8mb4_unicode_ci NOT NULL DEFAULT '' COMMENT 'Código Interno',
  `variety` varchar(255) COLLATE utf8mb4_unicode_ci NOT NULL DEFAULT '' COMMENT 'Variedad del producto / cultivo / ganadería (carne)',
  `id_stage` int(11) NOT NULL COMMENT 'ternero | novillo | vaquilla | vaca parida |',
  `id_crop_type` int(11) NOT NULL COMMENT 'Anual  o Perenne',
  `id_formula` int(11) NOT NULL DEFAULT '0',
  `id_category` int(11) NOT NULL DEFAULT '0',
  `id_user` int(11) NOT NULL,
  `created` datetime NOT NULL DEFAULT CURRENT_TIMESTAMP,
  `modified` datetime NOT NULL ON UPDATE CURRENT_TIMESTAMP,
  `deleted` tinyint(1) NOT NULL DEFAULT '0',
  PRIMARY KEY (`id`)
) ENGINE=InnoDB AUTO_INCREMENT=10 DEFAULT CHARSET=utf8mb4 COLLATE=utf8mb4_unicode_ci;

LOCK TABLES `products` WRITE;
/*!40000 ALTER TABLE `products` DISABLE KEYS */;

INSERT INTO `products` (`id`, `name`, `code`, `variety`, `id_stage`, `id_crop_type`, `id_formula`, `id_category`, `id_user`, `created`, `modified`, `deleted`)
VALUES
	(1,'Zapallo Italiano','ZAPALLO_SM','',2,1,0,3,0,'2020-10-10 15:53:50','2020-11-29 13:57:07',0),
	(2,'Zapallo de Guarda','','',2,0,0,3,0,'2020-10-10 15:53:50','2020-12-02 23:41:12',0),
	(3,'Limón','','',5,0,0,3,0,'2020-10-10 16:27:32','2020-11-29 14:00:01',0),
	(4,'Zapallo','','',0,1,0,2,0,'2020-10-10 15:53:50','2020-11-08 14:42:35',1),
	(5,'Caballitos','','',2,2,0,3,0,'2020-10-17 14:37:19','2020-11-12 21:40:37',1),
	(6,'Chancho','','',0,0,0,0,0,'2020-10-17 15:15:28','2020-12-02 23:40:50',1),
	(7,'Pollo','','',0,0,0,3,0,'2020-10-17 15:23:20','2020-12-02 23:40:54',1),
	(8,'Vaca','','',0,0,0,2,0,'2020-11-08 16:01:10','2020-12-02 23:40:59',1),
	(9,'Pavo','','',2,0,0,3,0,'2020-11-12 21:40:20','2020-12-02 23:41:11',1);

/*!40000 ALTER TABLE `products` ENABLE KEYS */;
UNLOCK TABLES;


# Dump of table products_regions
# ------------------------------------------------------------

DROP TABLE IF EXISTS `products_regions`;

CREATE TABLE `products_regions` (
  `id` int(11) unsigned NOT NULL AUTO_INCREMENT,
  `id_product` int(11) NOT NULL,
  `id_region` int(11) NOT NULL,
  `id_measure_unit` int(11) NOT NULL COMMENT 'perdida cultivo: Unidad de medida',
  `id_technology` int(11) NOT NULL DEFAULT '0',
  `expected_performance` int(11) NOT NULL COMMENT 'perdida cultivo: peso esperado o hectareas, unidades, etc.',
  `sale_price` float(11,2) NOT NULL DEFAULT '0.00' COMMENT 'perdida cultivo: Precio de venta por unidad',
  `expected_total` float(11,2) NOT NULL COMMENT 'perdida cultivo: expected_total = sale_price * performance',
  `winter_break` int(11) NOT NULL COMMENT 'daños cultivos perenes: receso por temporada',
  `preparation` int(11) NOT NULL COMMENT 'daños cultivos: preparación (en porcentajes)',
  `growth` int(11) NOT NULL COMMENT 'daños cultivos: crecimiento  (en porcentajes)',
  `harvest` int(11) NOT NULL COMMENT 'daños cultivos: cosecha  (en porcentajes)',
  `supplies_price` float(11,2) NOT NULL COMMENT 'daños cultivos: valorización precio',
  `plant_price` float(11,2) NOT NULL COMMENT 'dañocultivo-perenne: ',
  `plantation_price` float(11,2) NOT NULL COMMENT 'dañocultivo-perenne: ',
  `full_produccion` int(2) NOT NULL COMMENT 'dañocultivo-perenne: unidad en años ',
  `id_user` int(11) NOT NULL,
  `created` datetime NOT NULL DEFAULT CURRENT_TIMESTAMP,
  `modified` datetime NOT NULL ON UPDATE CURRENT_TIMESTAMP,
  `deleted` tinyint(1) NOT NULL,
  PRIMARY KEY (`id`)
) ENGINE=InnoDB AUTO_INCREMENT=21 DEFAULT CHARSET=utf8mb4 COLLATE=utf8mb4_unicode_ci;

LOCK TABLES `products_regions` WRITE;
/*!40000 ALTER TABLE `products_regions` DISABLE KEYS */;

INSERT INTO `products_regions` (`id`, `id_product`, `id_region`, `id_measure_unit`, `id_technology`, `expected_performance`, `sale_price`, `expected_total`, `winter_break`, `preparation`, `growth`, `harvest`, `supplies_price`, `plant_price`, `plantation_price`, `full_produccion`, `id_user`, `created`, `modified`, `deleted`)
VALUES
	(1,1,1,2,1,37500,330.00,12375000.00,0,50,7,43,8081.00,0.00,0.00,0,0,'0000-00-00 00:00:00','2020-11-29 14:35:06',1),
	(2,2,1,1,0,32000,190.00,6092000.00,0,0,0,0,0.00,0.00,0.00,0,0,'0000-00-00 00:00:00','2020-11-18 00:17:11',0),
	(3,3,1,1,1,24000,1200.00,28800000.00,0,0,54,46,15031400.00,2300.00,740.00,4,0,'0000-00-00 00:00:00','2020-11-18 00:11:58',0),
	(4,1,2,1,1,38000,333.00,12654000.00,0,50,7,43,8081593.00,0.00,0.00,0,0,'0000-00-00 00:00:00','2020-11-29 14:35:05',1),
	(5,1,8,1,0,14500,200.00,290000.00,0,50,8,42,8081536.00,300.00,200.00,4,0,'0000-00-00 00:00:00','2020-11-29 14:37:50',1),
	(6,1,6,0,1,0,0.00,0.00,0,0,0,0,0.00,0.00,0.00,0,0,'2020-10-17 17:41:33','2020-11-29 14:37:47',1),
	(7,1,7,0,2,0,0.00,0.00,0,0,0,0,0.00,0.00,0.00,0,0,'2020-10-17 17:43:01','2020-11-29 14:37:49',1),
	(8,1,12,0,1,0,0.00,0.00,0,0,0,0,0.00,0.00,0.00,0,0,'2020-10-17 17:43:45','2020-11-29 15:11:53',1),
	(9,1,14,0,2,0,0.00,0.00,0,0,0,0,0.00,0.00,0.00,0,0,'2020-10-17 17:44:00','2020-11-29 14:39:58',1),
	(10,1,9,0,3,200,20.00,0.00,0,0,0,0,0.00,0.00,0.00,0,0,'2020-10-17 18:35:23','2020-11-29 14:39:52',1),
	(11,1,12,1,1,20,134.00,260.00,0,0,0,0,0.00,0.00,0.00,0,0,'2020-10-17 18:36:51','2020-11-29 15:11:46',1),
	(12,1,13,0,1,300,99.00,29700.00,0,0,0,0,0.00,0.00,0.00,0,0,'2020-10-17 18:42:29','2020-11-29 14:37:40',1),
	(13,1,3,1,2,20,20.00,40.00,0,100,0,0,0.00,0.00,0.00,0,0,'2020-10-17 18:53:26','2020-11-29 14:37:29',1),
	(14,1,5,2,1,0,18.00,0.00,0,100,0,0,0.00,0.00,0.00,0,0,'2020-10-17 23:20:10','2020-11-29 14:37:46',1),
	(15,1,10,2,2,200,0.00,0.00,0,0,0,100,0.00,0.00,0.00,0,0,'2020-10-20 19:42:27','2020-11-29 15:11:57',1),
	(16,1,6,2,1,900,386.00,347400.00,0,50,20,30,0.00,0.00,0.00,0,0,'2020-10-21 21:32:15','2020-11-29 14:37:48',1),
	(17,1,4,2,0,143000,230.00,32890000.00,0,20,30,50,0.00,0.00,0.00,0,0,'2020-10-28 09:51:52','2020-11-29 14:37:27',1),
	(18,1,15,1,2,20,30.00,600.00,30,20,20,30,0.00,0.00,0.00,0,0,'2020-11-17 21:32:03','2020-11-29 14:36:24',1),
	(19,1,3,2,2,0,0.00,0.00,0,0,0,100,0.00,0.00,0.00,0,0,'2020-11-17 21:44:35','2020-11-29 14:37:33',1),
	(20,1,4,1,2,0,0.00,0.00,0,0,0,100,0.00,0.00,0.00,0,0,'2020-11-17 22:00:07','2020-11-29 14:37:45',1);

/*!40000 ALTER TABLE `products_regions` ENABLE KEYS */;
UNLOCK TABLES;


# Dump of table regions
# ------------------------------------------------------------

DROP TABLE IF EXISTS `regions`;

CREATE TABLE `regions` (
  `id` int(11) unsigned NOT NULL AUTO_INCREMENT,
  `name` varchar(255) NOT NULL DEFAULT '',
  `alias` varchar(255) NOT NULL DEFAULT '',
  `id_country` int(11) NOT NULL,
  `sort_order` smallint(3) NOT NULL DEFAULT '0',
  `id_user` int(11) NOT NULL DEFAULT '0',
  `created` datetime NOT NULL DEFAULT CURRENT_TIMESTAMP,
  `modified` datetime NOT NULL ON UPDATE CURRENT_TIMESTAMP,
  `deleted` tinyint(1) NOT NULL DEFAULT '0',
  PRIMARY KEY (`id`),
  KEY `countryId` (`id_country`),
  KEY `deleted` (`deleted`)
) ENGINE=InnoDB AUTO_INCREMENT=20 DEFAULT CHARSET=utf8;

LOCK TABLES `regions` WRITE;
/*!40000 ALTER TABLE `regions` DISABLE KEYS */;

INSERT INTO `regions` (`id`, `name`, `alias`, `id_country`, `sort_order`, `id_user`, `created`, `modified`, `deleted`)
VALUES
	(1,'I Región','TARAPACÁ',1,1,0,'2020-10-09 16:52:26','2020-10-17 17:23:07',0),
	(2,'II Región','ANTOFAGASTA',1,2,0,'2020-10-09 16:52:26','2020-10-17 17:23:07',0),
	(3,'III Región','ATACAMA',1,3,0,'2020-10-09 16:52:26','2020-10-17 17:23:08',0),
	(4,'IV Región','COQUIMBO',1,4,0,'2020-10-09 16:52:26','2020-10-17 17:23:09',0),
	(5,'V Región','VALPARAISO',1,5,0,'2020-10-09 16:52:26','2020-10-17 17:23:09',0),
	(6,'VI Región','DEL LIBERTADOR GRAL BERNARDO OHIGGINS',1,6,0,'2020-10-09 16:52:26','2020-10-17 17:23:10',0),
	(7,'VII Región','DEL MAULE',1,7,0,'2020-10-09 16:52:26','2020-10-17 17:23:11',0),
	(8,'VIII Región','DEL BIO BIO',1,8,0,'2020-10-09 16:52:26','2020-10-17 17:23:11',0),
	(9,'IX Región','DE LA ARAUCANIA',1,9,0,'2020-10-09 16:52:26','2020-10-17 17:23:12',0),
	(10,'X Región','DE LOS LAGOS',1,10,0,'2020-10-09 16:52:26','2020-10-17 17:23:13',0),
	(11,'XI Región','AYSÉN DEL GRAL CARLOS IBAÑEZ DEL CAMPO',1,11,0,'2020-10-09 16:52:26','2020-10-17 17:23:14',0),
	(12,'XII Región','MAGALLANES',1,12,0,'2020-10-09 16:52:26','2020-10-17 17:23:15',0),
	(13,'Región Metropolitana','METROPOLITANA',1,13,0,'2020-10-09 16:52:26','2020-10-17 17:23:15',0),
	(14,'XIV Región','DE LOS RIOS',1,10,0,'2020-10-09 16:52:26','2020-10-17 17:23:58',0),
	(15,'XV Región','ARICA Y PARINACOTA',1,0,0,'2020-10-09 16:52:26','2020-11-08 15:29:49',0),
	(16,'XVI Región','DE ÑUBLE',1,7,0,'2020-10-09 16:52:26','2020-10-17 17:23:29',0),
	(17,'asdasd','asdasd',1,0,0,'2020-11-08 15:30:07','2020-11-08 15:33:11',1),
	(18,'Purtre','Putre',2,0,0,'2020-11-08 15:41:39','2020-11-08 15:51:15',1),
	(19,'Samplecito','Sample',2,0,0,'2020-11-08 15:51:20','2020-11-17 20:42:34',1);

/*!40000 ALTER TABLE `regions` ENABLE KEYS */;
UNLOCK TABLES;


# Dump of table stages
# ------------------------------------------------------------

DROP TABLE IF EXISTS `stages`;

CREATE TABLE `stages` (
  `id` int(11) unsigned NOT NULL AUTO_INCREMENT,
  `name` varchar(255) COLLATE utf8mb4_unicode_ci NOT NULL DEFAULT '',
  `id_category` int(11) NOT NULL DEFAULT '0',
  `id_user` int(11) NOT NULL DEFAULT '0',
  `sort_order` int(11) NOT NULL DEFAULT '0',
  `created` datetime NOT NULL DEFAULT CURRENT_TIMESTAMP,
  `modified` datetime NOT NULL ON UPDATE CURRENT_TIMESTAMP,
  `deleted` tinyint(1) NOT NULL,
  PRIMARY KEY (`id`)
) ENGINE=InnoDB AUTO_INCREMENT=9 DEFAULT CHARSET=utf8mb4 COLLATE=utf8mb4_unicode_ci COMMENT='Etapas animales';

LOCK TABLES `stages` WRITE;
/*!40000 ALTER TABLE `stages` DISABLE KEYS */;

INSERT INTO `stages` (`id`, `name`, `id_category`, `id_user`, `sort_order`, `created`, `modified`, `deleted`)
VALUES
	(1,'Ternero',3,0,0,'2020-10-10 16:52:00','2020-11-30 00:58:15',1),
	(2,'Novillo',3,0,0,'2020-10-10 16:52:21','2020-11-13 02:13:56',0),
	(3,'Vaquilla',3,0,0,'2020-10-10 16:52:23','2020-11-30 00:58:17',1),
	(4,'Vaca Parida',0,0,0,'2020-10-10 16:52:31','2020-11-13 01:31:44',0),
	(5,'Cordero',3,0,0,'2020-10-10 16:52:34','2020-11-13 02:13:57',0),
	(6,'sample',3,0,0,'2020-11-30 00:59:12','2020-11-30 00:59:57',1),
	(7,'sample 2',3,0,0,'2020-11-30 00:59:53','2020-12-02 23:41:23',1),
	(8,'smiaug',3,0,0,'2020-11-30 01:00:01','2020-11-30 01:00:01',0);

/*!40000 ALTER TABLE `stages` ENABLE KEYS */;
UNLOCK TABLES;


# Dump of table tecnologies
# ------------------------------------------------------------

DROP TABLE IF EXISTS `tecnologies`;

CREATE TABLE `tecnologies` (
  `id` int(11) unsigned NOT NULL AUTO_INCREMENT,
  `name` varchar(255) COLLATE utf8mb4_unicode_ci NOT NULL DEFAULT '',
  `sort_order` int(11) NOT NULL DEFAULT '0',
  `id_user` int(11) NOT NULL DEFAULT '0',
  `created` datetime NOT NULL DEFAULT CURRENT_TIMESTAMP,
  `modified` datetime NOT NULL ON UPDATE CURRENT_TIMESTAMP,
  `deleted` tinyint(1) NOT NULL,
  PRIMARY KEY (`id`)
) ENGINE=InnoDB AUTO_INCREMENT=4 DEFAULT CHARSET=utf8mb4 COLLATE=utf8mb4_unicode_ci COMMENT='Nivel tecnologico de los productos';

LOCK TABLES `tecnologies` WRITE;
/*!40000 ALTER TABLE `tecnologies` DISABLE KEYS */;

INSERT INTO `tecnologies` (`id`, `name`, `sort_order`, `id_user`, `created`, `modified`, `deleted`)
VALUES
	(1,'Bajo',1,0,'2020-10-10 15:55:46','2020-10-10 15:55:53',0),
	(2,'Medio',2,0,'2020-10-10 15:55:49','2020-10-10 15:55:53',0),
	(3,'Alto',3,0,'2020-10-10 15:55:51','2020-10-10 15:55:54',0);

/*!40000 ALTER TABLE `tecnologies` ENABLE KEYS */;
UNLOCK TABLES;


# Dump of table users
# ------------------------------------------------------------

DROP TABLE IF EXISTS `users`;

CREATE TABLE `users` (
  `id` int(11) NOT NULL AUTO_INCREMENT,
  `id_person` int(11) NOT NULL DEFAULT '0',
  `username` varchar(150) COLLATE utf8mb4_unicode_ci NOT NULL DEFAULT '',
  `passwd` varchar(255) COLLATE utf8mb4_unicode_ci NOT NULL DEFAULT '',
  `passwd_code` varchar(50) COLLATE utf8mb4_unicode_ci NOT NULL DEFAULT '',
  `id_user` int(11) NOT NULL,
  `created` datetime NOT NULL DEFAULT CURRENT_TIMESTAMP,
  `modified` datetime NOT NULL ON UPDATE CURRENT_TIMESTAMP,
  `deleted` int(1) NOT NULL DEFAULT '0',
  PRIMARY KEY (`id`)
) ENGINE=InnoDB AUTO_INCREMENT=2 DEFAULT CHARSET=utf8mb4 COLLATE=utf8mb4_unicode_ci;

LOCK TABLES `users` WRITE;
/*!40000 ALTER TABLE `users` DISABLE KEYS */;

INSERT INTO `users` (`id`, `id_person`, `username`, `passwd`, `passwd_code`, `id_user`, `created`, `modified`, `deleted`)
VALUES
	(1,1,'admin','341deebc1232942f1ea735d06ad6bcb2070cde67bc7f336f4e58af4385e1923b','',0,'0000-00-00 00:00:00','2020-10-28 12:47:56',0);

/*!40000 ALTER TABLE `users` ENABLE KEYS */;
UNLOCK TABLES;



/*!40111 SET SQL_NOTES=@OLD_SQL_NOTES */;
/*!40101 SET SQL_MODE=@OLD_SQL_MODE */;
/*!40014 SET FOREIGN_KEY_CHECKS=@OLD_FOREIGN_KEY_CHECKS */;
/*!40101 SET CHARACTER_SET_CLIENT=@OLD_CHARACTER_SET_CLIENT */;
/*!40101 SET CHARACTER_SET_RESULTS=@OLD_CHARACTER_SET_RESULTS */;
/*!40101 SET COLLATION_CONNECTION=@OLD_COLLATION_CONNECTION */;
